date,night_00_06_lei_kwh,midday_10_17_lei_kwh,evening_18_23_lei_kwh,daily_min_lei_kwh,daily_min_hour,daily_max_lei_kwh,ghi_kwh_m2,temperature_max_c,temperature_min_c,dobrogea_wind_100m_m_s,precipitation_mm,fixed_night_margin_lei,price_aware_night_margin_lei,price_aware_day_margin_lei,day_charge_hours
2026-01-01,0.44152625,0.21663392857142857,0.5325305,0.1310275,11,0.560655,1.961,1.2,-7.8,6.898125,0.0,-3.5657185600000014,-2.640104187777766,4.718646937222228,10:00=5.000kWh;11:00=5.000kWh;12:00=5.000kWh;13:00=5.000kWh;14:00=2.222kWh
2026-01-02,0.22023,0.4564142857142857,0.582261,0.14544,4,0.602735,1.886,6.2,-6.0,9.725833333333334,0.6000000000000001,3.588169817777776,4.651254978888893,4.651254978888893,00:00=2.222kWh;02:00=5.000kWh;03:00=5.000kWh;04:00=5.000kWh;05:00=5.000kWh
2026-01-03,0.4092895833333333,0.4700057142857143,0.5676605,0.3890075,6,0.5778225,1.337,6.9,-1.0,8.664791666666666,1.2,-1.848764411851846,-1.6476319377777777,-1.4880480627777786,02:00=2.222kWh;04:00=5.000kWh;05:00=5.000kWh;06:00=5.000kWh;07:00=5.000kWh
2026-01-04,0.4351320833333333,0.4691339285714286,0.5832325,0.4209225,5,0.617835,0.507,2.7,1.1,5.887083333333333,6.0,-2.1667981229629625,-1.60346189611111,-1.4921150072222176,03:00=2.222kWh;04:00=5.000kWh;05:00=5.000kWh;06:00=5.000kWh;07:00=5.000kWh
2026-01-05,0.4511,0.7802385714285714,0.9147000000000001,0.4400625,4,1.1446475,0.391,2.1,0.0,6.3875,3.6,5.425355840000002,7.113352895555554,7.113352895555554,00:00=2.222kWh;02:00=5.000kWh;03:00=5.000kWh;04:00=5.000kWh;05:00=5.000kWh
2026-01-06,0.5308229166666667,0.7363689285714285,0.6910695,0.5103,4,0.8607175,0.511,4.0,1.0,5.380416666666667,2.3000000000000003,-2.1301629081481472,-1.2689221044444459,-1.2689221044444459,01:00=2.222kWh;02:00=5.000kWh;03:00=5.000kWh;04:00=5.000kWh;05:00=5.000kWh
2026-01-07,0.45034541666666666,0.859055,0.830747,0.4171675,4,1.024045,0.432,4.0,2.3,3.956875,2.2,3.4139831474074116,4.791290631666666,4.791290631666666,01:00=2.222kWh;02:00=5.000kWh;03:00=5.000kWh;04:00=5.000kWh;05:00=5.000kWh
2026-01-08,0.46744291666666665,1.1279457142857143,0.976233,0.419825,4,1.2585825,0.583,2.1,-2.4,7.7058333333333335,7.6000000000000005,6.475011569629634,8.793222784444442,8.793222784444442,01:00=2.222kWh;02:00=5.000kWh;03:00=5.000kWh;04:00=5.000kWh;05:00=5.000kWh
2026-01-09,0.5066025,0.6971385714285714,0.8512514999999999,0.45716,4,1.0417375,2.115,1.7,-4.0,7.301875,0.0,2.397501584444444,3.7190172011111073,3.7190172011111073,01:00=2.222kWh;02:00=5.000kWh;03:00=5.000kWh;04:00=5.000kWh;05:00=5.000kWh
2026-01-10,0.5550612500000001,0.7102689285714285,0.6552685,0.5291,5,0.7757125,1.464,4.1,-0.4,4.5129166666666665,1.0,-3.648288960000003,-2.979136104444443,-2.8707301877777702,02:00=2.222kWh;03:00=5.000kWh;04:00=5.000kWh;05:00=5.000kWh;06:00=5.000kWh
2026-01-11,0.46086499999999997,0.5128246428571429,0.607273,0.41524,7,0.65,1.15,-0.7,-7.6,7.619583333333334,3.7,-2.2769475600000018,-1.5941482572222192,-0.8897736461111094,04:00=2.222kWh;05:00=5.000kWh;06:00=5.000kWh;07:00=5.000kWh;08:00=5.000kWh
2026-01-12,0.45715625,1.2469960714285715,1.347344,0.43948,2,1.8576525,2.195,-3.2,-10.9,6.413333333333333,0.0,15.732494806666669,19.27822234,19.27822234,00:00=2.222kWh;01:00=5.000kWh;02:00=5.000kWh;03:00=5.000kWh;04:00=5.000kWh
2026-01-13,0.5700466666666667,1.5971935714285714,1.6465045,0.5464625,4,1.926,1.814,-3.6,-13.0,4.518958333333333,0.9,19.936681036296296,24.08290210388889,24.08290210388889,00:00=5.000kWh;02:00=5.000kWh;03:00=5.000kWh;04:00=5.000kWh;05:00=2.222kWh
2026-01-14,0.6097929166666667,1.039372857142857,1.186075,0.60076,4,1.5619225,2.046,-0.8,-6.6,3.515833333333333,0.0,7.725554636296296,9.824962895555558,9.824962895555558,00:00=2.222kWh;02:00=5.000kWh;03:00=5.000kWh;04:00=5.000kWh;05:00=5.000kWh
2026-01-15,0.59229875,0.975265,1.3868445,0.5809375,2,1.8032725,1.626,4.4,-3.1,4.9625,0.0,13.054575240000002,15.373394367777777,15.373394367777777,01:00=5.000kWh;02:00=5.000kWh;03:00=5.000kWh;04:00=5.000kWh;05:00=2.222kWh
2026-01-16,0.61278125,0.8686746428571428,0.857877,0.5764375,5,1.0352275,1.004,-0.6,-6.3,6.268958333333334,1.2,-0.2971899266666672,1.074733617777781,1.1252544788888912,02:00=2.222kWh;03:00=5.000kWh;04:00=5.000kWh;05:00=5.000kWh;06:00=5.000kWh
2026-01-17,0.53783,0.6027464285714286,0.6905005,0.4978975,4,0.72697,2.281,-2.0,-9.0,6.324583333333333,0.0,-2.3323453933333322,-1.7013660211111095,-1.6510636322222183,02:00=5.000kWh;03:00=5.000kWh;04:00=5.000kWh;05:00=5.000kWh;06:00=2.222kWh
2026-01-18,0.54209125,0.5289457142857142,0.7546415,0.492925,13,0.8481275,1.587,-4.6,-9.3,8.452708333333334,0.0,-0.8947134711111077,0.11825382611111124,0.91920156222222,07:00=5.000kWh;11:00=2.222kWh;12:00=5.000kWh;13:00=5.000kWh;14:00=5.000kWh
2026-01-19,0.5146475,0.7100378571428572,1.284381,0.509635,5,1.437665,1.544,-1.4,-7.0,7.347708333333333,0.0,12.662914373333322,14.172593728888888,14.172593728888888,01:00=2.222kWh;02:00=5.000kWh;03:00=5.000kWh;04:00=5.000kWh;05:00=5.000kWh
2026-01-20,0.6060995833333334,0.7272828571428571,1.4934905,0.564005,13,1.8072975,2.37,1.4,-9.4,3.345625,0.0,15.264319365925926,18.134770659444438,18.549770409444438,03:00=5.000kWh;04:00=5.000kWh;12:00=2.222kWh;13:00=5.000kWh;14:00=5.000kWh
2026-01-21,0.6184954166666666,0.7644385714285714,1.012902,0.5897475,4,1.2474975,1.831,-1.0,-10.2,4.914583333333333,0.0,3.300767480740741,4.512088173333332,4.512088173333332,01:00=2.222kWh;02:00=5.000kWh;03:00=5.000kWh;04:00=5.000kWh;05:00=5.000kWh
2026-01-22,0.6572945833333333,1.7152221428571428,1.9570035,0.64456,4,2.318495,0.652,1.8,-2.4,6.355,4.4,25.104757299259255,28.48454431222222,28.48454431222222,01:00=5.000kWh;02:00=5.000kWh;03:00=5.000kWh;04:00=5.000kWh;05:00=2.222kWh
2026-01-23,0.7259404166666666,1.3295217857142858,1.183064,0.7060575,4,1.9030975,0.677,1.7,0.2,5.35375,0.1,4.529611214074077,6.740814062222221,6.740814062222221,01:00=5.000kWh;02:00=5.000kWh;03:00=5.000kWh;04:00=5.000kWh;05:00=2.222kWh
2026-01-24,0.6666641666666666,0.7481332142857143,0.7432365,0.6484125,4,0.8721025,0.849,0.9,-0.1,3.8852083333333334,0.0,-4.520341785925923,-3.9212454655555504,-3.8508974099999946,02:00=5.000kWh;03:00=5.000kWh;04:00=5.000kWh;05:00=5.000kWh;07:00=2.222kWh
2026-01-25,0.5416429166666666,0.6336142857142857,0.660871,0.520415,2,0.707275,1.466,1.4,-0.8,3.830625,0.0,-3.151904385925925,-2.177469090555551,-2.167573979444441,01:00=5.000kWh;02:00=5.000kWh;03:00=5.000kWh;05:00=5.000kWh;06:00=2.222kWh
2026-01-26,0.5109516666666667,0.9505839285714286,0.7497735,0.4904,5,1.0198775,0.402,8.3,1.3,8.026250000000001,5.9,-0.175210274814816,0.619662701111114,0.619662701111114,01:00=2.222kWh;02:00=5.000kWh;03:00=5.000kWh;04:00=5.000kWh;05:00=5.000kWh
2026-01-27,0.60824125,0.9561796428571429,1.1806325,0.59022,0,1.3873775,0.268,5.6,3.3,5.088541666666667,1.4,7.635568728888888,10.424035576111116,10.424035576111116,00:00=5.000kWh;01:00=2.222kWh;02:00=5.000kWh;03:00=5.000kWh;04:00=5.000kWh
2026-01-28,0.5903020833333333,0.8457453571428571,0.8119105,0.5509975,11,1.1644275,2.055,9.1,3.0,5.856041666666666,0.0,-0.8051394118518534,0.30945903444444056,0.6169133122222199,02:00=5.000kWh;03:00=5.000kWh;04:00=5.000kWh;05:00=2.222kWh;11:00=5.000kWh
2026-01-29,0.5323654166666667,0.8775671428571429,0.782306,0.5124975,4,0.9262025,2.106,11.1,0.5,5.687916666666666,0.30000000000000004,0.03628428074073764,0.9648941872222281,0.9648941872222281,01:00=2.222kWh;02:00=5.000kWh;03:00=5.000kWh;04:00=5.000kWh;05:00=5.000kWh
2026-01-30,0.5225620833333333,0.7422375,0.711191,0.4995325,4,0.840855,1.015,6.9,3.0,8.862291666666668,2.6,-1.4210979785185192,-0.5408230905555556,-0.5408230905555556,00:00=2.222kWh;02:00=5.000kWh;03:00=5.000kWh;04:00=5.000kWh;05:00=5.000kWh
2026-01-31,0.5118758333333333,0.6059832142857143,0.6948215,0.49482,3,0.76536,0.916,4.5,-0.6,6.484791666666667,1.3,-1.529898489629626,-0.635122423888884,-0.635122423888884,01:00=5.000kWh;02:00=5.000kWh;03:00=5.000kWh;04:00=5.000kWh;05:00=2.222kWh
2026-04-01,0.69884125,0.6904203571428571,0.9441615,0.6024575,14,1.1351025,3.14,14.6,9.0,5.083541666666666,0.1,-0.5231628044444453,0.8633953538888903,2.0723298816666684,03:00=5.000kWh;13:00=5.000kWh;14:00=5.000kWh;15:00=5.000kWh;16:00=2.222kWh
2026-04-02,0.60622625,0.6203242857142857,0.85493,0.5392975,14,0.9118725,0.648,9.8,8.1,7.45,10.0,-0.19225065999999458,1.0914786733333344,1.7292562288888895,03:00=2.222kWh;04:00=5.000kWh;05:00=5.000kWh;14:00=5.000kWh;15:00=5.000kWh
2026-04-03,0.6369754166666667,0.5252435714285715,0.8256695,0.468375,16,0.8950275,2.001,15.3,8.9,2.575625,0.5,-1.7271656859259217,-0.5062070072222227,3.1733256872222206,13:00=5.000kWh;14:00=5.000kWh;15:00=5.000kWh;16:00=5.000kWh;17:00=2.222kWh
2026-04-04,0.5358270833333333,0.019785714285714285,0.6508740000000001,-3.5e-05,15,0.7992725,4.289,17.8,8.7,5.676458333333334,1.1,-3.2374504896296337,-0.20085846555555165,12.796843895555556,12:00=2.222kWh;13:00=5.000kWh;14:00=5.000kWh;15:00=5.000kWh;16:00=5.000kWh
2026-04-05,0.24752083333333333,-0.18188035714285714,0.4707695,-0.25489,14,0.6159425,5.419,20.5,5.7,4.577083333333333,0.0,0.15625533259259694,3.525521395555561,15.297181173333335,12:00=2.222kWh;13:00=5.000kWh;14:00=5.000kWh;15:00=5.000kWh;16:00=5.000kWh
2026-04-06,0.4065991666666667,-0.07083285714285714,0.5796505,-0.1902675,12,0.85267,5.99,22.5,7.5,6.810416666666667,0.0,-1.4862640970370329,2.0386599511111143,15.27110735388889,11:00=5.000kWh;12:00=5.000kWh;13:00=5.000kWh;14:00=5.000kWh;15:00=2.222kWh
2026-04-07,0.5719641666666666,-0.008107857142857142,0.7580365,-0.0254675,14,0.9104225,5.168,16.5,6.1,6.310625,0.1,-1.6158040081481424,0.45400697888888786,16.102832784444445,12:00=2.222kWh;13:00=5.000kWh;14:00=5.000kWh;15:00=5.000kWh;16:00=5.000kWh
2026-04-08,0.5592991666666667,-0.018090357142857144,0.72899,-0.043195,14,0.8700925,5.665,13.8,5.2,7.84625,0.4,-1.9781815303703727,-0.04385424333332821,15.366102437222224,12:00=5.000kWh;13:00=5.000kWh;14:00=5.000kWh;15:00=5.000kWh;16:00=2.222kWh
2026-04-09,0.58795,0.1042975,0.8487049999999999,-0.000755,14,1.0293075,5.471,11.5,4.1,5.6535416666666665,0.7,0.1485323955555523,2.256338951111111,17.48454859,12:00=2.222kWh;13:00=5.000kWh;14:00=5.000kWh;15:00=5.000kWh;16:00=5.000kWh
2026-04-10,0.6198725,0.30857035714285713,0.980031,0.1872625,11,1.237335,5.658,10.2,3.0,4.636875,0.6000000000000001,2.46826104,4.593484201111117,14.571006395555557,11:00=5.000kWh;12:00=5.000kWh;13:00=5.000kWh;14:00=2.222kWh;15:00=5.000kWh
2026-04-11,0.6619975,0.009718928571428571,0.721359,-0.024885,14,0.84851,5.898,12.1,3.1,3.5183333333333335,1.1,-4.924295804444438,-2.514650715555554,15.086738645555556,12:00=5.000kWh;13:00=5.000kWh;14:00=5.000kWh;15:00=5.000kWh;16:00=2.222kWh
2026-04-12,0.6376279166666667,0.02385357142857143,0.6447445,1.5e-05,14,0.7309025,5.575,14.4,2.2,3.83875,0.1,-6.123095685925925,-4.393953812777777,12.018558451111112,11:00=2.222kWh;13:00=5.000kWh;14:00=5.000kWh;15:00=5.000kWh;16:00=5.000kWh
2026-04-13,0.573925,0.06309535714285715,0.7741015,0.0037,15,0.8397975,5.449,16.6,3.1,3.1933333333333334,0.0,-1.279755637777777,-0.41602503500000054,14.367081062222223,11:00=2.222kWh;12:00=5.000kWh;13:00=5.000kWh;14:00=5.000kWh;15:00=5.000kWh
2026-04-14,0.6239795833333334,0.6146264285714286,0.8978755,0.53624,15,1.02424,5.207,16.4,6.6,3.9120833333333334,0.0,0.36966303259258926,1.6214620344444413,2.644858187222219,02:00=2.222kWh;04:00=5.000kWh;13:00=5.000kWh;14:00=5.000kWh;15:00=5.000kWh
2026-04-15,0.6322183333333333,0.5002832142857143,0.9934775,0.4074525,14,1.18083,6.395,18.7,4.4,4.34625,0.0,2.461700599259256,4.5403887288888924,8.524142312222224,11:00=5.000kWh;13:00=2.222kWh;14:00=5.000kWh;15:00=5.000kWh;16:00=5.000kWh
2026-04-16,0.6070508333333333,0.3974482142857143,0.87525,0.256565,14,1.12245,6.554,20.9,5.6,4.122916666666667,0.0,0.27732121037036983,2.2671482844444455,9.373054784444442,12:00=2.222kWh;13:00=5.000kWh;14:00=5.000kWh;15:00=5.000kWh;16:00=5.000kWh
2026-04-17,0.5935479166666666,0.1950117857142857,0.7011745,0.0439925,14,0.8125425,6.185,19.9,6.6,2.709375,0.7,-3.572227463703703,-2.0550137294444397,11.04071039555556,12:00=5.000kWh;13:00=5.000kWh;14:00=5.000kWh;15:00=5.000kWh;16:00=2.222kWh
2026-04-18,0.5759295833333333,-0.005170714285714285,0.6145075,-0.026435,14,0.746025,4.906,18.5,9.1,7.465416666666667,1.0,-5.195831456296299,-3.1095556183333386,12.665647965,12:00=5.000kWh;13:00=5.000kWh;14:00=5.000kWh;15:00=5.000kWh;16:00=2.222kWh
2026-04-19,0.58403125,-0.004450714285714286,0.6738005,-0.0153325,15,0.80122,5.604,19.9,7.1,5.638333333333334,0.5,-3.978785671111111,-1.9217036599999986,13.507762590000002,12:00=2.222kWh;13:00=5.000kWh;14:00=5.000kWh;15:00=5.000kWh;16:00=5.000kWh
2026-04-20,0.52615,0.34479785714285716,0.668559,0.19511,14,0.7287425,5.794,22.3,9.1,6.741666666666667,0.2,-2.549267471111107,-1.539572215555559,5.0504575066666675,13:00=5.000kWh;14:00=5.000kWh;15:00=5.000kWh;16:00=5.000kWh;17:00=2.222kWh
2026-04-21,0.56455375,0.37178321428571426,0.910161,0.252405,14,1.0696525,2.794,11.9,7.3,5.884375,1.1,2.2648667622222245,4.311046673333337,10.72089227055556,12:00=5.000kWh;13:00=5.000kWh;14:00=5.000kWh;15:00=2.222kWh;16:00=5.000kWh
2026-04-22,0.6008175,0.25936464285714284,1.01151,0.17663,15,1.2570575,4.959,12.7,6.3,2.6154166666666665,1.3,3.7424206177777757,5.449703728888885,16.091989839999997,11:00=5.000kWh;12:00=5.000kWh;14:00=2.222kWh;15:00=5.000kWh;16:00=5.000kWh
2026-04-23,0.6107729166666667,0.02707,0.7647085,-0.0162725,15,1.001985,5.712,18.6,3.5,7.939166666666667,0.1,-2.4978657748148176,1.5324430066666714,17.236748992777784,12:00=2.222kWh;13:00=5.000kWh;14:00=5.000kWh;15:00=5.000kWh;16:00=5.000kWh
2026-04-24,0.5757908333333334,0.003488928571428572,0.899154,-0.073995,16,1.2248075,5.924,21.7,7.4,5.314583333333333,0.0,1.6963446770370298,5.339302992777782,21.95123334,13:00=5.000kWh;14:00=5.000kWh;15:00=5.000kWh;16:00=5.000kWh;17:00=2.222kWh
2026-04-25,0.5401408333333333,-0.1742475,0.5932485,-0.264115,16,0.8350325,6.475,21.6,6.7,4.248125,0.0,-4.747979534074067,-1.2926868405555538,19.211947951111114,12:00=2.222kWh;13:00=5.000kWh;14:00=5.000kWh;15:00=5.000kWh;16:00=5.000kWh
2026-04-26,0.4826608333333333,-0.3184053571428571,0.4318635,-0.4968,14,0.6263425,7.063,26.4,7.9,8.135625,0.0,-7.107923200740743,-4.135319673888887,19.51296234,12:00=2.222kWh;13:00=5.000kWh;14:00=5.000kWh;15:00=5.000kWh;16:00=5.000kWh
2026-04-27,0.6169091666666666,0.060837857142857145,0.740338,-0.0042275,14,0.9689925,7.018,17.1,4.3,5.045833333333333,0.0,-3.2526288192592574,-2.131566396111104,14.21304974277778,12:00=5.000kWh;13:00=5.000kWh;14:00=5.000kWh;15:00=5.000kWh;16:00=2.222kWh
2026-04-28,0.58613125,0.04565642857142857,0.700532,0.0,14,1.0162675,6.109,20.1,4.1,5.089583333333334,0.0,-3.388350037777778,-2.0860939238888854,13.404349603888889,12:00=5.000kWh;13:00=5.000kWh;14:00=5.000kWh;15:00=5.000kWh;16:00=2.222kWh
2026-04-29,0.6708825,0.15704071428571428,0.907127,0.0611775,14,1.1574575,5.136,15.5,7.9,4.378125,0.0,-0.6676179822222233,0.621192006666675,15.73185182611111,12:00=5.000kWh;13:00=5.000kWh;14:00=5.000kWh;15:00=5.000kWh;16:00=2.222kWh
2026-04-30,0.5984875000000001,0.04441035714285714,0.8167,0.00249,14,1.0809325,1.275,10.2,4.9,6.133125,13.1,-0.9093302711111101,1.9203723677777802,17.153028756666668,11:00=2.222kWh;13:00=5.000kWh;14:00=5.000kWh;15:00=5.000kWh;16:00=5.000kWh
2026-07-01,0.8953308333333333,0.7520421428571429,2.3218775000000003,0.6884375,11,2.86919,5.468,31.6,21.2,5.50375,46.2,27.53417782148148,37.26304557611111,40.411060562222225,10:00=2.222kWh;11:00=5.000kWh;12:00=5.000kWh;13:00=5.000kWh;14:00=5.000kWh
2026-07-02,0.8331795833333333,0.5175171428571429,1.1618155000000001,0.3803125,11,1.31066,5.977,28.6,19.2,2.195,2.5,1.1318554770370408,3.5287514233333326,12.479766756666663,09:00=5.000kWh;10:00=5.000kWh;11:00=5.000kWh;12:00=5.000kWh;15:00=2.222kWh
2026-07-03,0.7839504166666666,0.1076825,0.9740810000000001,0.0505075,12,1.1074375,7.081,29.1,19.2,3.4164583333333334,1.6,-2.087601830370371,0.2684501177777818,18.477198978888893,11:00=5.000kWh;12:00=5.000kWh;13:00=5.000kWh;14:00=5.000kWh;15:00=2.222kWh
2026-07-04,0.66635,0.0006342857142857143,0.5897885,-0.0008825,14,0.8998675,5.828,25.2,18.7,7.925208333333333,4.1,-8.225335793333334,-5.327001618333334,12.07940632611111,11:00=5.000kWh;13:00=2.222kWh;14:00=5.000kWh;15:00=5.000kWh;16:00=5.000kWh
2026-07-05,0.67326125,0.0007896428571428572,0.6436845,-5e-05,11,0.8260025,6.859,26.5,14.5,4.545,0.2,-7.1068884266666625,-4.045463729444442,12.829292062222219,11:00=5.000kWh;12:00=5.000kWh;13:00=5.000kWh;14:00=5.000kWh;15:00=2.222kWh
2026-07-06,0.6966591666666666,0.29360857142857144,0.8484165,0.192085,14,1.113625,6.992,29.1,14.7,3.4743749999999998,0.0,-2.781518008148149,-0.904337340555557,11.468504215,11:00=2.222kWh;13:00=5.000kWh;14:00=5.000kWh;15:00=5.000kWh;16:00=5.000kWh
2026-07-07,0.6555670833333334,0.14406285714285713,0.8245735,0.0845375,13,0.9137275,7.278,29.4,16.1,2.855625,0.1,-2.2535981451851868,-0.27125021555555406,13.254528076111114,11:00=2.222kWh;12:00=5.000kWh;13:00=5.000kWh;14:00=5.000kWh;15:00=5.000kWh
2026-07-08,0.7499033333333334,0.43946428571428575,0.7660089999999999,0.26275,15,0.8618725,6.056,29.6,17.3,4.301458333333334,2.4000000000000004,-6.207455989629633,-4.801323840555554,4.538279631666672,12:00=5.000kWh;13:00=2.222kWh;14:00=5.000kWh;15:00=5.000kWh;16:00=5.000kWh
2026-07-09,0.7076066666666667,0.3084075,0.870123,0.1916025,15,1.0767875,6.268,24.6,16.1,4.300833333333333,3.5999999999999996,-2.5505868192592613,-0.31872591000000483,11.270349909444441,11:00=5.000kWh;13:00=2.222kWh;14:00=5.000kWh;15:00=5.000kWh;16:00=5.000kWh
2026-07-10,0.7617308333333334,0.2690482142857143,0.853365,0.1955625,14,0.9522925,6.263,25.0,12.8,3.6102083333333335,1.1,-4.411469122962963,-2.76706847944444,11.123879409444449,09:00=2.222kWh;10:00=5.000kWh;11:00=5.000kWh;14:00=5.000kWh;15:00=5.000kWh
2026-07-11,0.7667470833333333,0.04170178571428572,0.735363,2.5e-06,13,0.832285,7.147,30.0,13.1,3.2825,0.0,-7.401998911851846,-5.388088132222222,14.743643145555556,12:00=5.000kWh;13:00=5.000kWh;14:00=5.000kWh;15:00=5.000kWh;16:00=2.222kWh
2026-07-12,0.6900229166666667,0.004098214285714286,0.639203,-0.000995,14,0.7755,6.577,29.1,16.3,4.151041666666667,0.4,-7.666043319259261,-5.566924451666665,12.385213659444448,11:00=5.000kWh;12:00=5.000kWh;13:00=5.000kWh;14:00=5.000kWh;15:00=2.222kWh
2026-07-13,0.6634595833333333,0.33414464285714285,0.851032,0.1537175,11,0.9430475,6.23,25.0,17.2,4.095,3.9000000000000004,-1.825523000740736,-0.45705747944444397,9.988675895555556,09:00=5.000kWh;10:00=5.000kWh;11:00=5.000kWh;12:00=5.000kWh;13:00=2.222kWh
2026-07-14,0.7044487500000001,0.33960250000000003,0.888418,0.19621,12,0.9495575,6.018,28.7,15.4,4.683125,0.2,-2.0229349488888877,-0.5871946600000015,10.612283006666669,10:00=5.000kWh;11:00=5.000kWh;12:00=5.000kWh;13:00=5.000kWh;14:00=2.222kWh
2026-07-15,0.7530225,0.5239867857142857,1.1317695,0.4699975,15,1.5063275,7.04,31.7,17.2,4.322291666666667,0.0,2.560077184444445,4.722290381666674,11.121061117777781,12:00=2.222kWh;13:00=5.000kWh;14:00=5.000kWh;15:00=5.000kWh;16:00=5.000kWh
2026-07-16,0.8301191666666666,0.4914775,1.214781,0.38,11,1.588,6.09,31.0,21.5,3.9527083333333333,0.0,2.49591178074075,5.523708673333331,14.988431187222226,10:00=5.000kWh;11:00=5.000kWh;12:00=5.000kWh;13:00=2.222kWh;14:00=5.000kWh
2026-07-17,0.8309729166666666,0.5756046428571429,1.157349,0.4949975,9,1.399,6.223,32.7,19.1,4.453541666666666,0.0,1.0831009918518513,3.6053948400000024,11.104692506666666,09:00=5.000kWh;12:00=2.222kWh;13:00=5.000kWh;14:00=5.000kWh;15:00=5.000kWh
2026-07-18,0.7711154166666666,0.08500678571428572,0.971229,0.04019,13,1.18326,6.852,33.5,19.8,3.5722916666666666,0.2,-1.8115013414814713,0.25230670111111664,19.00244317333334,11:00=5.000kWh;12:00=5.000kWh;13:00=5.000kWh;14:00=5.000kWh;15:00=2.222kWh
2026-07-19,0.6847845833333334,0.023016428571428573,0.737587,9.25e-05,11,0.8170675,6.479,31.7,20.5,5.900833333333333,1.7000000000000002,-5.144297556296296,-3.198346090555553,13.979034062222219,10:00=2.222kWh;11:00=5.000kWh;12:00=5.000kWh;13:00=5.000kWh;14:00=5.000kWh
2026-07-20,0.7352195833333333,0.3326825,0.9054585,0.2224775,14,0.999155,6.241,30.1,19.9,5.336458333333334,6.9,-2.4379483674074116,-0.4803499794444406,11.36835990944445,11:00=5.000kWh;12:00=5.000kWh;13:00=2.222kWh;14:00=5.000kWh;15:00=5.000kWh
2026-07-21,0.8404379166666667,0.4262378571428571,0.945314,0.329605,15,1.09407,6.009,29.6,19.5,3.0056249999999998,2.2,-4.302649341481481,-2.7351530488888898,9.33598845111111,12:00=2.222kWh;13:00=5.000kWh;14:00=5.000kWh;15:00=5.000kWh;16:00=5.000kWh
2026-07-22,0.7798270833333333,0.3216092857142857,0.831669,0.249965,15,1.09899,2.0,22.8,16.7,3.1972916666666666,29.4,-5.423100378518518,-3.3096711322222205,10.023224756666664,12:00=2.222kWh;13:00=5.000kWh;14:00=5.000kWh;15:00=5.000kWh;16:00=5.000kWh
2026-07-23,0.7571833333333333,0.20292535714285714,0.8547575,0.053415,10,0.995295,5.853,24.6,16.2,6.63125,1.2,-4.2554934007407414,-2.534560257222232,13.567343326111104,10:00=5.000kWh;11:00=5.000kWh;13:00=5.000kWh;14:00=2.222kWh;15:00=5.000kWh
2026-07-24,0.80888875,0.30052214285714285,0.895821,0.06943,15,1.051735,6.148,24.8,14.8,3.7852083333333333,0.9,-4.6520579044444395,-2.371102701666672,14.025414034444442,12:00=2.222kWh;13:00=5.000kWh;14:00=5.000kWh;15:00=5.000kWh;16:00=5.000kWh
2026-07-25,0.84033125,-0.01792857142857143,0.7039535,-0.0482475,14,0.9436025,6.07,25.9,15.0,7.526666666666666,0.0,-10.140705293333337,-6.6735954933333375,15.926520659444442,12:00=5.000kWh;13:00=5.000kWh;14:00=5.000kWh;15:00=5.000kWh;16:00=2.222kWh
2026-07-26,0.7580829166666667,0.008811428571428572,0.7527315,-0.0004225,14,0.869205,6.478,29.1,13.8,5.193333333333333,0.1,-6.74871139703704,-4.386818173888884,15.257805756666663,11:00=2.222kWh;12:00=5.000kWh;13:00=5.000kWh;14:00=5.000kWh;15:00=5.000kWh
2026-07-27,0.5051079166666667,0.16099392857142858,0.80147,0.0536525,16,0.93856,6.031,31.2,17.1,5.05125,0.1,1.2329769696296315,4.104993756666666,13.390814409444445,11:00=2.222kWh;13:00=5.000kWh;14:00=5.000kWh;15:00=5.000kWh;16:00=5.000kWh
2026-07-28,0.7869420833333334,0.05220464285714285,0.985119,0.02938,10,1.14083,6.271,29.4,17.7,6.075,0.4,-1.900924822962959,0.8842981038888951,20.28354579833334,10:00=5.000kWh;12:00=5.000kWh;13:00=5.000kWh;14:00=5.000kWh;15:00=2.222kWh
2026-07-29,0.7855466666666667,0.21790535714285714,1.1295359999999999,0.0611475,13,1.401435,7.275,31.1,15.5,3.3135416666666666,0.0,1.6314877807407306,4.94120795111111,22.080148756666663,12:00=5.000kWh;13:00=5.000kWh;14:00=5.000kWh;15:00=5.000kWh;16:00=2.222kWh
2026-07-30,0.7586675,0.2192425,1.1525400000000001,0.063325,13,1.6048325,7.303,31.5,16.8,3.0941666666666667,0.0,2.910935506666668,6.171082201111112,21.67029318722222,10:00=2.222kWh;12:00=5.000kWh;13:00=5.000kWh;14:00=5.000kWh;15:00=5.000kWh
2026-07-31,0.8521970833333333,0.5134564285714286,1.1412465,0.4357975,14,1.4191375,7.275,32.1,17.6,2.5360416666666667,0.0,0.1227262325925943,2.385856006666671,12.011560617777779,11:00=2.222kWh;12:00=5.000kWh;13:00=5.000kWh;14:00=5.000kWh;15:00=5.000kWh
2026-09-01,0.9251554166666667,0.5403328571428572,1.355982,0.4195975,13,1.4889325,5.053,31.9,16.6,2.636875,0.30000000000000004,3.3575568140740746,5.789295270555556,16.90781217333333,12:00=5.000kWh;13:00=5.000kWh;14:00=5.000kWh;15:00=5.000kWh;16:00=2.222kWh
2026-09-02,1.04773,0.6879839285714285,1.470426,0.564385,13,1.58257,4.868,31.1,20.2,3.0145833333333334,0.1,2.831207262222229,5.200265590000001,15.740555423333333,11:00=2.222kWh;12:00=5.000kWh;13:00=5.000kWh;14:00=5.000kWh;15:00=5.000kWh
2026-09-03,1.06203625,0.6870167857142857,1.3938175,0.5748025,13,1.5509425,5.037,30.2,18.9,2.335,0.2,0.5926023955555576,2.174546312222226,12.935007409444445,11:00=5.000kWh;12:00=5.000kWh;13:00=5.000kWh;14:00=5.000kWh;15:00=2.222kWh
2026-09-04,0.9967504166666666,0.45534964285714286,1.3311985,0.2701525,13,1.457695,5.272,30.1,17.5,3.140625,0.0,0.8326861140740754,2.919496256666669,18.93489492333333,12:00=2.222kWh;13:00=5.000kWh;14:00=5.000kWh;15:00=5.000kWh;16:00=5.000kWh
2026-09-05,0.99631625,0.17645785714285714,1.075587,0.0671275,11,1.2904375,5.79,33.4,15.4,5.702083333333333,0.0,-5.34143792666667,-2.680464409999999,18.72564559,11:00=5.000kWh;12:00=5.000kWh;13:00=2.222kWh;15:00=5.000kWh;16:00=5.000kWh
2026-09-06,0.8651808333333333,0.00972392857142857,1.034705,-0.005045,14,1.19574,5.26,29.6,18.8,6.309166666666667,0.0,-2.804696678518514,0.08962556222221707,22.61180595111111,12:00=5.000kWh;13:00=5.000kWh;14:00=5.000kWh;15:00=5.000kWh;16:00=2.222kWh
2026-09-07,0.8840041666666666,0.48707464285714286,1.375656,0.321095,11,1.5380725,5.734,26.4,12.9,4.9714583333333335,0.0,4.940179002962964,6.705887076111111,17.845399159444444,11:00=5.000kWh;12:00=5.000kWh;13:00=2.222kWh;14:00=5.000kWh;15:00=5.000kWh
2026-09-08,1.0521766666666668,0.3434182142857143,1.388953,0.13306,14,1.5779475,5.207,28.5,12.0,2.9231249999999998,0.0,0.7399947362962928,2.7009265622222216,23.94343615944445,12:00=5.000kWh;13:00=5.000kWh;14:00=5.000kWh;15:00=5.000kWh;16:00=2.222kWh
2026-09-09,0.9140625,0.3301275,1.3281475,0.228345,11,1.47883,5.677,30.1,13.1,4.569166666666667,0.0,2.982238117777783,4.949983812222214,20.864823076111108,11:00=5.000kWh;12:00=5.000kWh;13:00=5.000kWh;14:00=2.222kWh;15:00=5.000kWh
2026-09-10,0.9019066666666666,0.7445464285714286,1.6315250000000001,0.6566525,14,2.2257725,5.544,31.0,14.5,5.010416666666666,0.0,10.650830469629645,14.248361576111115,19.536517006666664,12:00=5.000kWh;13:00=5.000kWh;14:00=5.000kWh;15:00=5.000kWh;16:00=2.222kWh
2026-09-11,0.9938079166666667,0.9353039285714286,1.3876005,0.8902475,15,1.5906225,5.415,32.5,16.3,4.066666666666666,0.0,2.2767350696296322,4.144159103888896,5.685611715,05:00=2.222kWh;12:00=5.000kWh;13:00=5.000kWh;14:00=5.000kWh;15:00=5.000kWh
2026-09-12,1.0560275000000001,0.28339857142857144,1.1201235,0.004315,14,1.1973875,4.486,27.4,17.4,4.540416666666666,1.0,-5.869223793333333,-4.557350868333323,19.542135103888892,12:00=5.000kWh;13:00=5.000kWh;14:00=5.000kWh;15:00=5.000kWh;16:00=2.222kWh
2026-09-13,0.9077166666666666,0.46349785714285713,1.152595,0.41372,15,1.22894,1.698,20.2,14.5,7.3500000000000005,15.6,-1.0954999748148104,0.8585772011111104,12.586470270555555,10:00=2.222kWh;12:00=5.000kWh;13:00=5.000kWh;14:00=5.000kWh;15:00=5.000kWh
2026-09-14,1.0090758333333334,0.8249092857142857,2.102925,0.76367,12,3.236635,3.824,22.8,12.2,7.807916666666666,0.2,19.17705065481481,25.16679825666666,29.844824631666654,11:00=5.000kWh;12:00=5.000kWh;13:00=5.000kWh;14:00=5.000kWh;15:00=2.222kWh
2026-09-15,1.0650516666666667,0.5719307142857143,1.351833,0.3198075,13,1.6034575,3.629,24.9,12.6,4.353541666666667,0.0,-0.5045037081481513,1.6815536594444325,17.890638034444436,12:00=5.000kWh;13:00=5.000kWh;14:00=5.000kWh;15:00=5.000kWh;16:00=2.222kWh
2026-09-16,0.9175804166666667,0.35056678571428573,1.319023,0.075335,11,1.6077275,4.317,26.6,13.9,3.9522916666666665,0.0,2.666832347407418,4.300686048333333,22.30637170111111,10:00=2.222kWh;11:00=5.000kWh;12:00=5.000kWh;13:00=5.000kWh;14:00=5.000kWh
2026-09-17,0.93955875,0.397215,1.3246545,0.2747825,12,1.476315,4.928,27.7,12.7,3.1422916666666665,0.0,2.2121416844444557,4.085126228888889,19.93149629833334,11:00=5.000kWh;12:00=5.000kWh;13:00=2.222kWh;14:00=5.000kWh;15:00=5.000kWh
2026-09-18,1.1162645833333333,0.3348707142857143,1.2788875,0.10037,14,1.378855,5.119,28.8,12.2,3.035833333333333,0.0,-3.6468432340740637,-2.813041757222223,22.01166107611111,12:00=5.000kWh;13:00=5.000kWh;14:00=5.000kWh;15:00=5.000kWh;16:00=2.222kWh
2026-09-19,1.1916375,0.05228857142857143,1.2734925000000001,0.0059925,14,1.3,4.345,29.0,14.0,2.3472916666666666,0.0,-5.80409621555556,-5.512210604444441,26.048019409444443,11:00=5.000kWh;12:00=2.222kWh;13:00=5.000kWh;14:00=5.000kWh;15:00=5.000kWh
2026-09-20,1.1431075,0.002515357142857143,1.189974,-0.00191,14,1.2917125,4.482,28.8,14.7,2.5435416666666666,0.1,-6.520326137777774,-5.439943354444431,24.776519478888893,11:00=2.222kWh;12:00=5.000kWh;13:00=5.000kWh;14:00=5.000kWh;15:00=5.000kWh
2026-09-21,1.1815983333333333,0.2995435714285714,1.355651,0.1379725,12,1.45625,3.932,29.0,15.6,5.267916666666666,0.0,-3.5459184785185123,-2.6021639655555475,23.55171378444445,11:00=2.222kWh;12:00=5.000kWh;13:00=5.000kWh;14:00=5.000kWh;15:00=5.000kWh
2026-09-22,1.098785,0.7849614285714286,1.922951,0.6454425,15,2.79509,3.912,20.7,10.2,3.8585416666666665,3.5,12.40950004,15.910352034444443,26.486703228888885,12:00=2.222kWh;13:00=5.000kWh;14:00=5.000kWh;15:00=5.000kWh;16:00=5.000kWh
2026-09-23,0.9968708333333334,0.5849885714285714,1.435548,0.3453925,14,1.6825425,3.817,18.4,10.2,7.210625,1.1,3.3547061437037033,5.565216715000005,19.264776215000005,12:00=5.000kWh;13:00=5.000kWh;14:00=5.000kWh;15:00=5.000kWh;16:00=2.222kWh
2026-09-24,1.1692208333333334,0.8472178571428571,1.641251,0.7954775,12,2.001,3.97,21.2,8.3,5.062708333333333,0.0,3.698418743703707,6.077697090000008,15.052924187222231,11:00=5.000kWh;12:00=5.000kWh;13:00=5.000kWh;14:00=2.222kWh;15:00=5.000kWh
2026-09-25,1.1230020833333334,0.8570560714285714,1.438382,0.7560025,12,1.564315,3.633,21.7,8.6,4.49125,0.0,0.031759777037042025,2.2207867983333287,8.833996423333325,11:00=2.222kWh;12:00=5.000kWh;13:00=5.000kWh;14:00=5.000kWh;15:00=5.000kWh
2026-09-26,1.1006154166666666,0.30461607142857144,1.145199,0.010315,14,1.2495175,3.338,21.3,12.1,6.33375,0.30000000000000004,-6.461316230370368,-5.156826882222212,20.367919770555552,12:00=2.222kWh;13:00=5.000kWh;14:00=5.000kWh;15:00=5.000kWh;16:00=5.000kWh
2026-09-27,0.9214208333333334,0.014010357142857142,0.951267,-0.01414,14,1.0631025,4.471,23.2,10.5,8.251666666666667,0.0,-6.336127389629624,-4.297980646111107,20.14004147888889,12:00=5.000kWh;13:00=5.000kWh;14:00=5.000kWh;15:00=5.000kWh;16:00=2.222kWh
2026-09-28,0.8505379166666667,0.16205142857142857,1.4687215,0.05,10,1.8040825,4.293,23.6,11.3,10.662708333333333,0.2,8.092234380740734,9.89129778444444,31.18859181222222,10:00=5.000kWh;11:00=5.000kWh;12:00=5.000kWh;13:00=2.222kWh;14:00=5.000kWh
