bucharest_hour_start,01,04,07,09
0,0.5560223387096774,0.6328299166666667,0.845636129032258,1.127499732142857
1,0.5471895967741935,0.6120028333333334,0.7953843548387097,1.0499017857142856
2,0.5303437096774194,0.5740115833333334,0.7494668548387097,0.9878405357142858
3,0.5197973387096774,0.55131725,0.7173015322580645,0.985795
4,0.5089893548387097,0.542803,0.7008449193548387,0.9744721428571429
5,0.5229798387096775,0.5539715833333333,0.7062044354838709,0.9660333928571428
6,0.5665534677419355,0.60788775,0.7383203225806452,1.0537621428571429
7,0.7199045967741935,0.6787831666666667,0.769243064516129,1.1878725892857143
8,0.8915482258064517,0.6097065,0.7008271774193549,1.1575491071428572
9,0.9368141935483871,0.48163041666666667,0.4997266129032258,0.9587266964285714
10,0.8949026612903226,0.30878275,0.32889854838709676,0.6539427678571429
11,0.810240564516129,0.18589625,0.2609764516129032,0.4723951785714286
12,0.766084435483871,0.13393975,0.2556313709677419,0.3842019642857143
13,0.7511637096774194,0.11241583333333334,0.23473362903225806,0.35668625
14,0.7728186290322581,0.09141141666666666,0.2181615322580645,0.3543425
15,0.8282435483870968,0.09803025,0.22126306451612904,0.39271026785714286
16,0.9350106451612903,0.14424391666666667,0.28465524193548386,0.5189645535714286
17,1.0440521774193547,0.26081658333333335,0.4249559677419355,0.8037594642857143
18,1.049795241935484,0.498021,0.6529782258064516,1.1923714285714286
19,1.031656935483871,0.7299704166666666,0.920405,1.3927476785714286
20,0.9711263709677419,0.8876298333333333,1.0484629032258064,1.5773583928571429
21,0.8861425,0.9036309166666667,1.079182258064516,1.4176499107142857
22,0.7270204838709677,0.81108275,1.0215654838709678,1.2495291071428571
23,0.6243233870967742,0.6798575,0.9370340322580645,1.1985808035714285
